Параметр: fid,Артикул,Название товара,Краткое описание,Полное описание,Цена продажи,Старая цена,Изображения,Размещение на сайте,Параметр: OLDLINK,Подкатегория 1,Подкатегория 2,Подкатегория 3,Подкатегория 4,Подкатегория 5,Тег title,Мета-тег description,Мета-тег keywords,Параметр: Материал корпуса,Параметр: Версия ОС на начало продаж,Параметр: Количество SIM-карт,Параметр: Тип SIM-карты,Параметр: Режим работы нескольких SIM-карт,Параметр: Бесконтактная оплата (NFC),Параметр: Вес,Параметр: Размеры (ШxВxТ),Параметр: Тип экрана,Параметр: Диагональ,Параметр: Размер изображения,Параметр: Число пикселей на дюйм (PPI),Параметр: Соотношение сторон,Параметр: Устойчивое к царапинам стекло,Параметр: Количество основных (тыловых) камер,Параметр: Основные (тыловые) камеры,Параметр: Функции основной (тыловой) фотокамеры,Параметр: Фотовспышка,Параметр: Фронтальная камера,Параметр: Аудио,Параметр: Разъем для наушников,Параметр: Стандарт,Параметр: Интерфейсы,Параметр: Навигация,Параметр: Процессор,Параметр: Количество ядер,Параметр: Видеопроцессор,Параметр: Объём оперативной памяти,Параметр: Объём встроенной памяти,Параметр: Поддержка карт памяти,Параметр: Тип аккумулятора,Параметр: Емкость аккумулятора,Параметр: Тип разъема для зарядки,Параметр: Функция быстрой зарядки,Параметр: Датчики,Параметр: Расположение сканера отпечатка пальца,Параметр: Поддержка диапазонов LTE,Параметр: Частота обновления экрана,Параметр: Особенности,Параметр: Конструкция,Параметр: Степень защиты,Параметр: Тип устройства,Параметр: Микрофон,Параметр: Тип,Параметр: Технология,Параметр: Диапазон воспроизводимых частот,Параметр: Импеданс,Параметр: Чувствительность,Параметр: Тип беспроводного соединения,Параметр: Версия Bluetooth,Параметр: Поддержка кодека AAC,Параметр: Время работы в режиме ожидания,Параметр: Время работы в режиме разговора,Параметр: Время зарядки,Параметр: Время работы от аккумулятора в кейсе,Параметр: Емкость аккумулятора кейса,Параметр: Разъем для зарядки кейса,Параметр: Время зарядки кейса,Параметр: Сменные амбушюры,Параметр: Количество пар сменных амбушюров в комплекте,Параметр: Система активного шумоподавления (ANC),Параметр: Вес (одного наушника),Параметр: Радиус действия,Параметр: Ответить/закончить разговор,Параметр: Автоматическое парное соединение,Параметр: DSP,Параметр: Тип элементов питания,Параметр: Полностью беспроводные (True wireless),Параметр: Дополнительная информация,Параметр: Поддержка профилей работы,Параметр: Возможность использования одного наушника TWS,Параметр: Тип крепления,Параметр: Диаметр мембраны,Параметр: Светодиодный индикатор,Параметр: Влагозащита,Параметр: Класс защиты,Параметр: Подключение кабеля,Параметр: Разъем,Параметр: Конструкция видеорегистратора,Параметр: Количество каналов записи видео/звука,Параметр: Запись видео,Параметр: Запись,Параметр: Звук,Параметр: Угол обзора,Параметр: Функция WDR,Параметр: Режим фотосъемки,Параметр: Видеокодек/Формат записи,Параметр: Питание,Параметр: Формат аккумулятора,Параметр: Размеры (ширина x высота x толщина),Параметр: Количество камер,Параметр: Режим записи,Параметр: Функции,Параметр: Подключение внешних камер,Параметр: Режимы,Параметр: Беспроводное подключение,Параметр: Форматирование карты памяти,Параметр: Рабочая температура,Параметр: Матрица,Параметр: Ночной режим,Параметр: Материал линз,Параметр: Разрешение,Параметр: Одновременная зарядка двух устройств,Параметр: Поддержка быстрой зарядки,Параметр: Напряжение,Параметр: Ток,Параметр: Максимальный ток,Параметр: Разъемы,Параметр: Максимальный ток на USB 1,Параметр: Максимальный ток на USB Type-C,Параметр: Переходник на micro USB,Параметр: Переходник на USB Type-C,Параметр: Защита от короткого замыкания,Параметр: Защита от перегрузки,Параметр: Защита от перегрева,Параметр: Индикатор заряда,Параметр: Размеры,Параметр: Комплектация,Параметр: Размеры (ШxВxГ),Параметр: Суммарная мощность,Параметр: Отношение сигнал/шум,Параметр: Количество полос AC,Параметр: Bluetooth,Параметр: Количество микрофонов,Параметр: Время работы,Параметр: Встроенный голосовой помощник,Параметр: Язык голосового помощника,Параметр: Экосистема,"Параметр: Работает в системе ""умный дом""",Параметр: Поддержка потоковых аудиосервисов,Параметр: Широкополосные динамики,Параметр: Выход аудио,Параметр: Wi-Fi,Параметр: Тип акустической системы,Параметр: Количество колонок в комплекте,Параметр: Мощность,"Параметр: Тип
        



            Подавляющее большинство современных телевизоров построены на основе жидкокристаллических матриц (ЖК). Работа плазменной панели построена на принципе работы неоновых ламп. Она представляет собой матрицу из ячеек, заполненных инертным газом и покрытых люминофором. OLED (Organic Light-Emitting Diode) – светоизлучающий диод, созданный на основе органических соединений. В OLED-телевизорах используется матрица из таких светодиодов трех основных цветов. OLED-телевизоры имеют низкое энергопотребление, высокую контрастность, качественную цветопередачу, изображение на экране видно практически под любым углом. К недостаткам можно отнести высокую стоимость.","Параметр: Диагональ ТВ
        



            Диагональ телевизора принято измерять в дюймах (один дюйм равен 2.54 см). Размер экрана стоит выбирать с учетом минимального расстояния от зрителя до телевизора. Для полутора метров рекомендуется экран с диагональю 32 дюйма, для двух метров — 42 дюйма, двух с половиной метров — 50 дюймов, трёх — 60.","Параметр: Формат экрана
        



            Под форматом телевизора понимают отношение ширины экрана к его высоте.","Параметр: Разрешение
        



            Для просмотра телепрограмм в стандартном качестве и DVD-фильмов достаточно иметь экран с разрешением 800x600 точек. Для видеопрограмм с высоким качеством 1080p Full HD потребуется разрешение 1920x1080. Для просмотра видеоконтента со сверхвысоким качеством 4K нужен экран с разрешением 3840x2160.",Параметр: Разрешение HD,"Параметр: Светодиодная (LED) подсветка
        



            В Edge LED используются светодиоды белого света, установленные по бокам ЖК-матрицы. В Direct LED светодиоды белого света установлены за экраном и равномерно распределены по всей его площади. Для реализации подсветки RGB LED используется матрица из светодиодов трех основных цветов (красного, зеленого и синего), равномерно распределенных по всей поверхности экрана.",Параметр: Стереозвук,Параметр: Частота обновления экрана ТВ,"Параметр: Smart TV
        



            Телевизор со Smart TV представляет собой телевизор со встроенным компьютером. На него можно устанавливать специальные программы, смотреть видеоролики из интернета, пользоваться другими сервисами.","Параметр: Яркость
        



            Высокая яркость важна, когда телевизор работает в помещении с сильным освещением (при низкой яркости изображение может быть засвечено).","Параметр: Контрастность
        



            Контрастность определяет способность телевизора к передаче оттенков и полутонов. Чем выше контрастность, тем качественнее воспроизводится затемненный видеоряд.",Параметр: Прогрессивная развертка,"Параметр: Поддержка DVB-T
        



            Современные телевизоры поддерживают не только аналоговые, но и цифровые стандарты вещания. Цифровое телевидение отличается от аналогового более высоким качеством изображения и звука, а также полным отсутствием помех. Помимо этого, стандарт DVB-T обеспечивает большую зону покрытия при одинаковой мощности передатчика. DVB-T — это цифровой стандарт эфирного наземного телевещания","Параметр: Поддержка DVB-T2
        



            DVB-T2 является стандартом цифрового эфирного вещания и представляет собой дальнейшее развитие стандарта DVB-T. С 2012 года в России DVB-T2 является основным стандартом цифрового телевидения.","Параметр: Поддержка DVB-C
        



            Поддержка телевизором DVB-C – европейского стандарта цифрового кабельного телевидения. Для просмотра закодированных каналов необходим модуль условного доступа CI.",Параметр: Мощность звука,Параметр: Акустическая система,Параметр: Объемное звучание,Параметр: Декодеры аудио,"Параметр: Поддерживаемые форматы
        



            Список форматов, которые можно проигрывать на плеере телевизора. Для работы с плеером достаточно вставить USB-флэшку в соответствующий разъем.",Параметр: Входы,Параметр: Выходы,Параметр: Разъемы на передней/боковой панели,"Параметр: Версия интерфейса HDMI
        



            В HDMI 1.4 присутствует поддержка 3D-изображения. В список доступных разрешений добавлены 3840×2160 (максимально 30 кадров/с) и 4096×2160 (максимально 24 кадра/с). В версии 2.0 пропускная способность увеличена до 18 Гбит/с. Это обеспечивает передачу 4K-видео (разрешение 3840×2160) с частотой 60 кадров/с или 3D 3840×2160 c частотой 30 кадров/с. Поддержка HDMI 2.0 важна для телевизоров 4K UHD.","Параметр: Поддержка CI
        



            Common Interface (CI) — интерфейс для подключения электронных CAM-модулей с декодирующей картой. Такие модули используются для декодирования закрытых (платных) цифровых телеканалов. Некоторые провайдеры выпускают CAM-модули, которые требуют поддержки CI+.","Параметр: Поддержка 24p True Cinema
        



            24p True Cinema позволяет смотреть фильмы в том режиме, в котором они были сняты, — с частотой 24 кадра в секунду. При отсутствии этой опции фильм воспроизводится с частотой 25 кадров в секунду.",Параметр: Оперативная память,Параметр: Встроенная память,Параметр: Стандарт крепления VESA,Параметр: Размеры с подставкой (ШxВxГ),Параметр: Вес с подставкой,Параметр: Размеры без подставки (ШxВxГ),"Параметр: Тип матрицы экрана
        



            TFT TN — самая старая и одна из самых распространенных технологий изготовления матриц. Достоинствами такого варианта являются низкая цена и самое малое время отклика среди всех матриц. К недостаткам относятся ограниченные углы обзора, невысокая контрастность, невозможность получения идеально черного цвета, весьма посредственная цветопередача. Среди ее достоинств IPS-матриц выделяются широкие углы обзора, хороший черный цвет и великолепная цветопередача. Технология *VA. Ее можно считать компромиссным решением между матрицами TN и IPS. Углы обзора этих матриц достигают 178 градусов, и по времени доступа они лишь незначительно отстают от TN. Матрицы *VA обеспечивают глубокий черный цвет и хорошую цветопередачу.",Параметр: Время отклика пикселя,Параметр: Вес без подставки,Параметр: Совместимость с ОС,Параметр: Минимальная поддерживаемая версия Android,Параметр: Минимальная поддерживаемая версия iOS,Параметр: Уведомления с просмотром или ответом,Параметр: Вибрация,Параметр: Материал браслета/ремешка,Параметр: Способ отображения времени,Параметр: Тип стекла,Параметр: Класс водонепроницаемости,Параметр: Возможность смены браслета/ремешка,Параметр: Регулировка длины браслета/ремешка,Параметр: Габариты (ШхВхТ),Параметр: Наличие экрана,Параметр: Мониторинг,Параметр: Таймер,Параметр: Аккумулятор,Параметр: Время ожидания,Параметр: Беспроводная зарядка,Параметр: Телефонные звонки,Параметр: Мобильный интернет,Параметр: Время работы в активном режиме,Параметр: Постоянная работа экрана,Параметр: Воспроизведение аудио,Параметр: Вывод аудио на Bluetooth-устройства,Параметр: Голосовое управление,Параметр: Объем встроенной памяти,Параметр: Секундомер,Параметр: Вертикальная,Параметр: Назначение,Параметр: Тип беспроводной связи,Параметр: Радиус действия беспроводной связи,Параметр: Интерфейс подключения,Параметр: Принцип работы,Параметр: Беспроводная связь,Параметр: Колесо прокрутки,Параметр: Количество клавиш,Параметр: Разрешение оптического сенсора,Параметр: Источник питания мыши,Параметр: Размеры (ШxВxД),Параметр: Количество программируемых клавиш,Параметр: Частота опроса,Параметр: Тип связи,Параметр: Частотный диапазон устройств Wi-Fi,Параметр: Макс. скорость беспроводного соединения,Параметр: Количество внешних антенн,Параметр: Объем оперативной памяти,Параметр: Количество LAN-портов,Параметр: Скорость портов,Параметр: DHCP-сервер,Параметр: Межсетевой экран (Firewall),Параметр: NAT,Параметр: Метод шифрования данных WEP,Параметр: Метод шифрования данных WPA,Параметр: Метод шифрования данных WPA2,Параметр: Стандарт Wi-Fi 802.11,Параметр: Ширина,Параметр: Высота,Параметр: Глубина,Параметр: Поддержка Dynamic DNS,Параметр: Поддержка Mesh Wi-Fi,Параметр: Подключение к интернету (WAN),Параметр: Режим репитера (повторителя),Параметр: Поддержка IPv6,Параметр: Поддержка VPN-туннелей (VPN Endpoint),Параметр: Поддержка PPTP,Параметр: Поддержка L2TP,Параметр: Демилитаризованная зона (DMZ),Параметр: Метод шифрования данных WPA3,Параметр: Тип матрицы экрана,Параметр: Подсветка,Параметр: Подсветка без мерцания (Flicker-Free),Параметр: Макс. частота обновления кадров,Параметр: Шаг точки по горизонтали,Параметр: Шаг точки по вертикали,Параметр: Яркость,Параметр: Контрастность,Параметр: Время отклика,Параметр: Область обзора,Параметр: Максимальное количество цветов,Параметр: Покрытие экрана,Параметр: Частота обновления,Параметр: Переменная частота обновления,Параметр: Функциональность,Параметр: Блок питания,Параметр: Потребляемая мощность,Параметр: Ослабление синего цвета,Параметр: Регулировка по высоте,Параметр: Настенное крепление,"Параметр: Размеры, вес",Параметр: Назначение прибора,Параметр: Обслуживаемая площадь,Параметр: Производительность очистки воздуха,Параметр: Контроль чистоты воздуха,Параметр: Фильтры,Параметр: Класс НЕРА-фильтра,Параметр: Регулировка скорости вентилятора/интенсивности испарения,Параметр: Установка,Параметр: Источник питания,Параметр: Управление,Параметр: Управление со смартфона,Параметр: Индикация,Параметр: Уровень шума,Параметр: Габариты (ШхВхГ),Параметр: Тип увлажнителя,Параметр: Продолжительность работы,Параметр: Объем резервуара для воды,Параметр: Расход воды,Параметр: Верхний залив воды,Параметр: Гигростат,Параметр: Регулировка направления выдува и увлажнения,Параметр: УФ лампа,Параметр: Максимальное время установки таймера,Параметр: Объем бака для воды,Параметр: Мощность всасывания,Параметр: Максимальное давление пара,Параметр: Время нагрева воды,Параметр: Насадка-скребок,Параметр: Насадка-щетка,Параметр: Насадка-губка,Параметр: Насадка для пола,Параметр: Длина сетевого шнура,Параметр: Намотка сетевого шнура,Параметр: Ручка для переноски,Параметр: Тип пылесоса,Параметр: Тип уборки,Параметр: Тип контейнера,Параметр: Фильтр тонкой очистки,Параметр: Время работы от аккумулятора,Параметр: Тип датчиков,Параметр: Количество датчиков,Параметр: Ограничитель зоны уборки,Параметр: Построение карты помещения,Параметр: Тип движений,Параметр: Установка на зарядное устройство,Параметр: Сигнал при застревании,Параметр: Электрощетка в комплекте,Параметр: Боковая щетка,Параметр: Сигнал при разрядке аккумулятора,Параметр: Расчет времени уборки,Параметр: Местная уборка,Параметр: Быстрая уборка,Параметр: Встроенные часы,Параметр: Программирование по дням недели,Параметр: Мягкий бампер,Параметр: Протокол связи,Параметр: Тип соединения устройств,Параметр: ШхГхВ,Параметр: ШхДхВ базы,Параметр: Пылесборник,Параметр: Труба всасывания,Параметр: Насадки в комплекте,Параметр: Дополнительные функции,Параметр: Отсоединяемый ручной пылесос,Параметр: Время зарядки аккумулятора,Параметр: Вертикальная парковка
8314,999,Беспроводные наушники QCY T7 White__999,,"<div id=""content_description"" class=""ty-wysiwyg-content content-description"">
                                                    
    <div>
<h1 style=""text-align: center;"">Купить беспроводные наушники QCY T7 Черные в Нижнем Новгороде</h1>
<p style=""text-align: center;"">TWS наушники | Влагозащита IPX4  | Bluetooth 5.0</p>
<div style=""text-align: center;""> </div>
<p> </p>
<p> <span>Тип устройства: беспроводные наушники</span><br><span>Микрофон: есть</span><br><span>Тип: вкладыши</span><br><span>Диапазон воспроизводимых частот: 20-20000 Гц</span><br><span>Импеданс: 16 Ом</span><br><br><span>Особенности конструкции</span><br><span>Полностью беспроводные (True wireless)</span><br><span>Тип акустического оформления: закрытые</span><br><br><span>Диаметр мембраны:13 мм</span><br><span>Влагозащита: есть, класс: IPX4</span><br><br><span>Светодиодный индикатор: есть</span><br><br><span>Беспроводная связь</span><br><span>Тип беспроводного соединения: Bluetooth</span><br><span>Версия Bluetooth: 5.0</span><br><span>Поддержка кодека AAC: есть</span><br><span>Поддержка профилей работы:A2DP, AVRCP</span><br><span>Радиус действия:10 м</span><br><br><span>Функции</span><br><span>Возможность использования одного наушника TWS:есть</span><br><span>Ожидание/удержание вызова: есть</span><br><span>Ответить/закончить разговор: есть</span><br><span>Повтор последнего номера: есть</span><br><br><span>Питание</span><br><span>Время работы в режиме разговора: 3 ч</span><br><span>Время работы: 3.5 ч</span><br><span>Время работы от аккумулятора в кейсе:17.5 ч</span><br><br><span>Разъем для зарядки кейса: USB Type-C</span><br><span>Емкость аккумулятора кейса: 380 мА·ч</span><br><span>Время зарядки кейса: 2 ч</span><br><br><span>Особенности</span><br><span>Поддержка iPhone: есть</span><br><br><span>Материал: пластик</span><br><span>Материал амбушюр: силикон</span><br><span>Цвет: белый</span><br><br><span>Комплектация: наушники; зарядный кейс; зарядный кабель; сменные насадки; документация.</span></p>
</div>

                            
            </div>",1390.00,,http://merchiumru.gcdn.co/users/24620/images/detailed/21/20846342.jpg?t=1617816113 http://merchiumru.gcdn.co/users/24620/images/detailed/21/20846341.jpg?t=1617816114,Каталог/Аксессуары/Наушники и Bluetooth-гарнитуры/Беспроводные наушники ## Каталог/Аксессуары/Наушники и Bluetooth-гарнитуры,http://smart52.ru/aksessuary/naushniki-i-kolonki/besprovodnye-naushniki-qcy-t7-white.html,Аксессуары,Наушники и Bluetooth-гарнитуры,Беспроводные наушники,,,"Беспроводные наушники QCY T7 White Купить в Нижнем Новгороде, отзывы, характеристики, описание, видео обзор, узнать стоимость и заказать наушники наушники QCY T7","Беспроводные наушники QCY T7 White по низким ценам с доставкой по Нижнему Новгороду, Владимиру, Саранску, Москве, Санкт-Петербургу, Кирову, Перми, Йошкар-Оле, Ижевску, Казани, Уфе, Самаре, Пензе, Иванову, Саратову, Костроме и др","Беспроводные наушники QCY T7 White, Наушники QCY T7 цена нижний новгород, QCY T7 купить нижний новгород",,,,,,,,,,,,,,,,,,,,,,,,,,,,,,,,,,,,,,,,,,,,,,,,,,,,,,,,,,,,,,,,,,,,,,,,,,,,,,,,,,,,,,,,,,,,,,,,,,,,,,,,,,,,,,,,,,,,,,,,,,,,,,,,,,,,,,,,,,,,,,,,,,,,,,,,,,,,,,,,,,,,,,,,,,,,,,,,,,,,,,,,,,,,,,,,,,,,,,,,,,,,,,,,,,,,,,,,,,,,,,,,,,,,,,,,,,,,,,,,,,,,,,,,,,,,,,,,,,,,,,,,,,,,,,,,,,,,,,,,,,,,,,,,,,,,,,,,,,,,,,,,,,,,,,,,,,,,,,,,,,,,,,
